bill_length_mm,bill_depth_mm,flipper_length_mm,species
41.44236207453848,20.989703533968,188.336363641449,Adelie
55.44113284555165,15.037068015817413,223.58543200815805,Gentoo
56.24503934690435,15.862840195634345,225.72532164164002,Gentoo
41.589602900874844,17.319326859015842,182.82838289903097,Chinstrap
42.342126971835555,16.16545762284041,173.02246323927884,Adelie
54.56832140726827,18.21194948599162,206.2895261294679,Chinstrap
36.31029024807063,15.998730978308997,188.25434213660824,Adelie
40.21145494524235,20.021993506816372,198.517963103122,Adelie
41.277040352703864,21.410042657577836,193.30103474620168,Adelie
46.77172093295058,17.130798087852824,224.5535272708472,Gentoo
45.50098571812521,21.10401254161792,174.5123576826476,Adelie
34.92326736609276,19.907399101953573,189.9542805505517,Adelie
56.366679582760725,15.433018330548084,203.63460013002,Gentoo
44.81442067268196,18.284267662051903,192.76049963045955,Chinstrap
56.44291645840201,16.24532109698978,206.75544580382805,Gentoo
59.445005625384624,17.165900326488085,230.6359951361911,Gentoo
37.29966881384635,16.88352307320129,195.81721453696287,Adelie
53.555158464149315,20.578981845977868,195.5290292919139,Chinstrap
57.71322546766893,14.333352305445407,228.83167020788088,Gentoo
45.48974694650954,18.106450906269764,202.642012857211,Adelie
44.693579505701734,20.730942027138372,202.0440854681283,Adelie
35.45633107878016,18.730361407354078,177.98024922784793,Adelie
46.40518743236992,16.125539538117543,216.21877925636332,Gentoo
56.530732853056485,16.855298334245077,196.450796239383,Chinstrap
41.79300735470392,14.698896650706963,221.85200242725625,Gentoo
44.78390817134448,13.850999656954986,219.1096612888156,Gentoo
43.971859975048474,20.85271659918464,190.04666068007808,Adelie
43.20925720635176,20.75423342184095,204.73600533097837,Adelie
44.18547283684606,19.8540454137051,195.4107408027946,Adelie
51.57155320874412,14.539253366532588,226.15912179490118,Gentoo
49.45576749283748,14.85767342879799,226.06664187450315,Gentoo
35.021306865095525,19.903153639318475,186.18133419946417,Adelie
44.29266641550031,15.746531117339982,209.7977214549747,Adelie
44.950073834620525,17.566614341735992,203.22097597027957,Chinstrap
39.8531369293306,17.466452121491045,195.69164464650817,Adelie
36.628487651405045,19.27462165406924,200.34414877733707,Adelie
41.177949792582325,19.395532295194318,185.7135340296453,Chinstrap
54.02459794629178,19.617125201611227,182.46299495664493,Chinstrap
43.51974033417455,18.792232563813155,177.71788398368216,Adelie
53.27770010784802,14.666468533375378,213.4706474144245,Gentoo
48.08781996706987,15.429506665023442,230.6472612595682,Gentoo
42.6648419335719,19.757549259048673,188.46432372614925,Adelie
40.9985514408355,20.476419778452506,175.22677840732342,Adelie
48.44044872501637,16.67997157279677,230.95207140791447,Gentoo
58.51198007305683,16.506019222341358,227.52246200003898,Gentoo
45.03434188145186,19.390568689922898,204.06603094916485,Chinstrap
57.68259506459682,14.234477784674764,217.52405063691126,Gentoo
46.97149791347979,14.361786855430463,226.39503079975827,Gentoo
41.51849530927149,19.025853154078217,200.83670549294595,Adelie
43.82889320562167,15.696676635265984,209.74187442302164,Gentoo
48.1820144869942,17.59957965290178,197.9332399207964,Chinstrap
54.54943362274581,15.717730733758472,206.8848753029988,Gentoo
53.749421086454625,15.084607658910866,223.12479923409364,Gentoo
48.66890104744113,18.236833834504612,188.54416637245447,Chinstrap
40.08164213051776,16.62339587504702,190.14267103822422,Adelie
51.272954324504596,18.699605184102957,200.92263624564137,Chinstrap
45.66029889885702,18.048871400209208,172.12137428632155,Adelie
47.870581403212356,18.934492593165363,190.6941140138371,Chinstrap
36.60082476324212,20.755306019929513,174.3926229035364,Adelie
47.160874814022094,13.73340584238304,215.00345369257982,Gentoo
42.18274333545029,15.589112774545706,200.82023709535957,Adelie
44.81805836025427,19.245757565665187,182.37624283091418,Chinstrap
51.03385835629251,14.594180594146028,207.0206230520599,Gentoo
52.56063680018044,13.224288852088632,228.1434373122185,Gentoo
44.682631588323034,18.94812452787967,208.7091709112441,Adelie
57.57489972391366,13.462417421151514,224.53135223450232,Gentoo
41.699586016417584,17.550950385108088,185.99743757784904,Chinstrap
49.05053553861086,17.463486011630838,181.3025941729869,Chinstrap
37.54627319624799,21.311067960829813,193.4504603785693,Adelie
57.38030930266319,17.50304939220349,189.64480908579617,Chinstrap
54.64619161807847,16.94826142854916,224.01374120011144,Gentoo
43.74304607376847,19.40783718174863,181.0604820992118,Chinstrap
50.014357727161496,13.763681523586063,205.30741414246765,Gentoo
43.74292088561922,17.452912316395018,191.78045199807698,Adelie
46.82171997175284,15.022343612321727,210.58600219585443,Gentoo
52.23319775965751,20.711823874347687,179.92467189883763,Chinstrap
46.799106658871295,20.755570880150987,204.3493360758143,Chinstrap
57.1006011579416,17.41917795664771,188.93360922764427,Chinstrap
57.75105915290697,20.30184740462246,189.48280244059234,Chinstrap
48.37995899586995,14.994300120088575,227.04077992571058,Gentoo
47.56170925390343,16.12121516668319,214.89033766496132,Gentoo
48.245801619523526,15.032037523448153,228.86065167899233,Gentoo
45.904778573264664,20.494974961314092,192.39793193421525,Chinstrap
45.167820541612016,17.44761524723637,195.29285325901287,Adelie
34.18650129134823,19.160760923424697,177.80963918299412,Adelie
44.29711443723298,15.65797800003362,206.36590213065298,Gentoo
35.253901331245785,17.60653177928319,190.9204671150583,Adelie
47.8470651595493,17.02972559879741,185.22163022978228,Chinstrap
48.94739199681267,19.74413490157212,179.906368013877,Chinstrap
50.802962687534645,16.91971887281466,198.1312125675095,Chinstrap
59.54711244341335,14.37146850181319,227.6133459553816,Gentoo
55.51319333255871,17.451262617129096,191.22683146308273,Chinstrap
43.807254526965274,13.957598728168982,211.87738370591396,Gentoo
42.1112387235359,18.12749716001907,203.70678002381686,Chinstrap
53.18554938540892,16.394915182696987,221.99399169495246,Gentoo
42.3110307546893,19.503755541814158,196.8767807931961,Chinstrap
43.04130265234543,15.829430742102286,220.17746271756076,Gentoo
44.04484131275852,17.08590846159389,198.70581438888382,Adelie
55.36892757607711,16.79734591210259,186.01672730049398,Chinstrap
54.29607239180645,16.930903190499226,180.33072425727858,Chinstrap
45.927880455754476,14.451200659000182,218.27529952172918,Gentoo
55.87972484506929,14.82346302379873,222.3247038772844,Gentoo
48.677638801871055,14.527330821168116,210.9342362839232,Gentoo
34.37798149043811,18.727019441719605,180.19915224736854,Adelie
44.33327116094368,16.042477564014796,178.21155748012828,Adelie
51.80232927857316,16.207965311998116,227.84054886324915,Gentoo
41.96107146637999,18.03740254967409,197.11676229633858,Adelie
45.664180741380974,20.797984757259556,197.00586343515198,Chinstrap
32.42611376742016,20.070828211854966,172.02154053917738,Adelie
52.26924635982581,19.050122195466283,204.5109490683846,Chinstrap
53.53683816020618,13.649596054820353,217.96673892427305,Gentoo
43.04263632519896,17.335532882653197,186.5730183541359,Chinstrap
44.187279680525904,18.552876016989376,186.12118708493148,Chinstrap
33.67255683113743,19.300249342097455,203.3952096274557,Adelie
52.567002216452764,17.960627790701615,199.1184672356478,Chinstrap
42.72237829060799,13.230221128529283,228.3422458106043,Gentoo
43.39969805230657,17.067133986884475,226.19330243889965,Gentoo
38.35832854792909,21.176433512024666,176.09872185525194,Adelie
41.61058243074698,20.69017910154299,198.02722717941435,Chinstrap
44.677070013002755,19.187061878466743,203.05879450766767,Chinstrap
39.32114297006641,17.154590431322653,197.28745927149262,Adelie
43.26181978342772,17.30857103314614,191.98674854071768,Chinstrap
42.53605105518332,20.137715344528974,198.72899502658075,Chinstrap
55.64982214437755,16.403559948120844,203.7728330216589,Gentoo
34.08657325762832,20.387762519642024,193.3870885669363,Adelie
36.90298047036857,16.507572591180665,195.8572950365226,Adelie
50.321247032312016,18.949454600819855,211.89897742596202,Chinstrap
56.61186632601963,13.326948735532714,216.2160977326079,Gentoo
57.96465065534065,14.606074311593272,212.6863412432561,Gentoo
56.14216080880757,13.198332521851135,221.54771189217527,Gentoo
49.9536965891395,14.945352540460371,215.76615826585342,Gentoo
50.9063199591152,18.52788345330444,206.6260307836842,Chinstrap
58.752527748301624,14.4392461631319,223.6519519143363,Gentoo
44.75102166529077,14.86909362312897,226.6573232275477,Gentoo
46.657391561386156,18.707267532586926,179.15162849939202,Chinstrap
35.91362928259058,18.82236865556529,204.77508954390365,Adelie
50.077745661825276,13.158169847305501,208.48878918115562,Gentoo
49.952242384925725,13.267281014940167,211.79832316700654,Gentoo
37.68922325625741,15.641612504479443,188.61637988292196,Adelie
44.142925826165495,16.268384216395518,189.41501453106227,Adelie
35.25413581500661,16.718944408909262,188.12471603551063,Adelie
47.60359906473751,17.17095340291419,210.3703134674391,Chinstrap
49.36317203552068,14.794516947799819,213.20909514958345,Gentoo
44.72745706289405,13.53281001538605,211.3338633943425,Gentoo
41.57586333632436,20.97826955372422,194.85989221944155,Adelie
44.698342606763894,19.185721465616282,188.7995037047984,Chinstrap
49.22353785299204,13.904813464505093,216.62419226761605,Gentoo
40.59950196212475,20.973708344365974,196.40163026181102,Adelie
53.733892145328625,14.158619036702177,220.8429508390342,Gentoo
52.888656707449584,14.60331230343346,204.96841232173924,Gentoo
55.99218494385128,18.911891671282724,184.5151616678267,Chinstrap
57.45485023849705,20.73816130677814,178.02692107593234,Chinstrap
55.84683524409094,15.801734077751243,210.40539988182158,Gentoo
56.829360370854964,18.174411110439667,195.5331931852568,Chinstrap
41.32996411255527,15.106674350520713,217.78431978907705,Gentoo
54.49038860967977,19.87641700404253,199.13009343928493,Chinstrap
43.86396134806915,18.034714379447475,203.34434645274683,Chinstrap
44.08415354717002,13.365993514729347,219.06008388004753,Gentoo
48.4074499070048,17.746532134777734,184.81968161181086,Chinstrap
53.24305507882509,18.81077958139466,195.09575465782234,Chinstrap
52.06326928124423,16.610392489602837,228.8648220200139,Gentoo
51.180659381241135,17.37703587300977,204.75066131593607,Chinstrap
44.76921396028941,16.498512524151742,207.44836896676645,Chinstrap
41.8063521906785,14.577374738591292,203.23519366640585,Gentoo
43.942882794137574,21.392530180046585,172.39604604616477,Adelie
50.24010453435211,16.23672959486779,224.1384882971384,Gentoo
45.80582199935112,14.05584752783644,225.28132050665403,Gentoo
55.3075611092968,20.249764817532576,204.00779993111826,Chinstrap
54.10982167865894,18.9251693730176,202.53865575854383,Chinstrap
49.31121754738203,20.083745688876522,194.14420194044374,Chinstrap
41.73715492600106,17.038552565186166,192.7303227269946,Chinstrap
55.487343895949465,14.513555926927125,211.2353382771754,Gentoo
52.929282502791864,16.0976165239804,203.41359247260723,Gentoo
44.11436571032189,16.932868542322804,200.24824940837067,Adelie
56.600591826493755,15.75863535026702,228.5638355622857,Gentoo
40.57224770213678,17.60420997313308,185.44707512416542,Adelie
40.617944246726694,19.95253450436922,201.95234931747274,Adelie
32.56434121195781,16.08334285036446,196.2843263498437,Adelie
54.066727612084485,15.973372374116531,215.72836066483978,Gentoo
53.05780485182363,17.212730209046427,225.43045249881607,Gentoo
49.312561640035376,20.008516785885213,193.22500294295952,Chinstrap
41.58586574113236,19.091832276324848,199.26999123574137,Adelie
40.55993650209951,17.957501277820356,209.55316775651352,Adelie
42.172400324586896,20.47531888735138,199.4392905181935,Adelie
41.759352798160705,18.882198716254784,207.4639534850315,Adelie
47.17125898894638,13.281632220223834,207.81008937592406,Gentoo
35.21532068196103,15.758824151019832,199.48899378273993,Adelie
34.56125067981554,20.724355376342743,193.9718350682719,Adelie
55.02907971312301,17.644812942684226,198.73629838485613,Chinstrap
46.456203093971,20.400837411332724,183.42460502402758,Chinstrap
40.0068249945246,20.13798515513716,178.21777442486223,Adelie
41.8204991274714,13.637245337111082,211.99432595111242,Gentoo
49.82359101224499,15.395317544793421,220.0435694555057,Gentoo
53.21321000786736,14.01887475231441,225.1448596508385,Gentoo
35.22878134499157,17.456704834818478,209.69285658854764,Adelie
43.71020242201681,15.04068464309213,212.8203671770656,Gentoo
52.52540551739878,16.350959448703914,203.51974767001013,Gentoo
58.70771698807209,16.71188170314145,226.5976350381527,Gentoo
57.8858541038943,18.54558330374731,188.22308567562038,Chinstrap
49.33231151457982,16.936302960952325,229.19414708474852,Gentoo
35.37143894350757,19.67510533969638,195.0093464496419,Adelie
50.61964941657169,19.726595756081835,192.30228764573178,Chinstrap
44.30117523794408,17.07932996091064,198.87246343952367,Adelie
41.59112321808058,17.3028755353681,196.37699522568488,Chinstrap
53.8307249149387,20.707101131346512,190.26864712832176,Chinstrap
40.808463176080856,17.297891316001405,172.4157230817354,Adelie
33.31078301581191,16.081570419271618,185.2675720755543,Adelie
50.629278898471675,14.640413638342292,211.64418288209117,Gentoo
39.29701041467637,20.49826028140575,176.4744603776153,Adelie
42.26078211233024,16.969826204289934,207.4921380606044,Gentoo
38.70288962794236,19.02565852357837,192.5006847094916,Adelie
33.692708264070276,18.42846567842161,184.13394578627583,Adelie
43.34284984232469,13.813878453927838,205.9257322693379,Gentoo
58.20671149586721,16.384270332637517,212.51507081505645,Gentoo
43.25384525092091,19.920112378362138,193.69644301648975,Chinstrap
39.240880697158595,15.53256960266222,198.0342304290896,Adelie
42.957556560097665,17.91519457633147,199.56436520874072,Chinstrap
39.700338502655605,15.606239787974381,175.36041896971594,Adelie
41.360348536377394,17.607430442058977,197.97385326702772,Chinstrap
40.72550936313457,21.195119563766326,183.86549448647494,Adelie
56.30410951077655,19.139207895242407,182.28874764291933,Chinstrap
45.434256610139656,17.910592373045418,180.13378839068048,Adelie
52.54586494872128,15.545562207202424,211.97818401314558,Gentoo
53.11964081010967,18.722400003926523,181.86105434323693,Chinstrap
37.249165296464646,19.17821359388404,195.97012291482872,Adelie
55.60638253606592,13.475357180785016,222.55197772354924,Gentoo
53.08947294405826,18.182513697985197,187.84369932462477,Chinstrap
54.78739783895862,15.824367267107718,204.65096628474015,Gentoo
49.6633648139968,19.1183441856756,194.46931837516735,Chinstrap
41.30788008703567,18.52215358204665,181.3767115017345,Adelie
42.76107670927194,19.095737514585544,186.46724998498613,Chinstrap
49.58155100873186,19.93403584596552,207.83588056529015,Chinstrap
55.6563150819521,16.306486706561763,225.30294453867361,Gentoo
40.86956672293592,18.91186415461128,198.7089460666062,Adelie
57.59326461135517,14.389386077263309,221.22156443169555,Gentoo
54.07847170185184,16.922470116944197,212.03847471622765,Gentoo
56.6255546484028,17.790466720305197,198.17060697030362,Chinstrap
47.49162015647883,16.706169091499188,211.75801676808166,Chinstrap
44.10807881700494,16.688319397133917,230.48452723980273,Gentoo
46.31190824752388,15.93505607296651,225.02142173561313,Gentoo
57.0375487030801,15.876133840855882,207.005026340533,Gentoo
34.23883588079739,16.678882209242673,195.34965508659764,Adelie
51.75654696723977,16.475064346078746,222.0914934755097,Gentoo
37.29580673560872,21.289544249469575,208.7966565428507,Adelie
54.9522204736968,16.437186932424645,219.30972005796667,Gentoo
43.04915379981523,19.156202404021087,203.87924791951605,Chinstrap
48.89617662765782,14.121296888406105,221.32794297505453,Gentoo
59.41049478376139,13.88411780424617,212.2002156507472,Gentoo
50.86830271577336,20.484666542735013,181.97865735941318,Chinstrap
55.48076615782204,16.97004110121586,183.15031664050542,Chinstrap
42.631793689216686,15.590214457166029,193.2488829683334,Adelie
42.01479717509897,15.732285755009425,185.80787457578538,Adelie
49.23007669637157,17.011019178926556,230.81207662425055,Gentoo
43.59472111055409,21.12212742130453,196.8888349719305,Adelie
41.198167262390456,16.69008231210077,191.71289383755573,Chinstrap
34.24704842649666,20.653894784727186,197.30232015926896,Adelie
57.101750972238165,13.607934566903037,211.04686123299555,Gentoo
44.52277213838128,19.82358331890302,209.97854062168477,Chinstrap
51.4148999582405,20.03530432573373,178.94423441916646,Chinstrap
36.92930144290946,21.147994634423274,204.33282581158537,Adelie
43.80817429676466,20.004330780246566,189.15711414118647,Adelie
40.33749979288181,17.545786929456685,178.7766689191096,Adelie
42.36863518774256,18.18088202203288,204.83708356697886,Adelie
43.59329930898335,18.283180675323706,192.16927365915026,Chinstrap
49.646862992791256,16.40406705745433,184.4066701567336,Chinstrap
42.74105206592883,15.402129202591258,230.34867118960315,Gentoo
35.74316910095543,19.313754534620667,172.67883952484453,Adelie
40.79596890251297,16.197304744230152,202.26724969647864,Adelie
58.78517972068264,14.931534711567721,205.90438651167548,Gentoo
52.55842670301004,14.733896099840141,228.94608995235907,Gentoo
50.46642217068551,15.405080816575612,229.02748534156757,Gentoo
51.80254099912088,19.97666823068629,202.5813404158032,Chinstrap
57.09212348537399,17.558885903199123,179.70256230170878,Chinstrap
41.73858781604196,18.905950685464497,198.09078431780478,Chinstrap
41.606611321169126,18.672735933017734,183.37197423440156,Adelie
36.85400054109565,21.23052911424161,189.16717002362117,Adelie
47.02062016906203,14.18572891500071,228.94723865852535,Gentoo
58.58381618724999,15.890816272742544,229.60054113910687,Gentoo
46.92797640822173,15.945924997554858,219.46057597038828,Gentoo
52.03016816433586,17.873322741095734,208.96451663197743,Chinstrap
49.88007725747377,16.725622733118897,221.91684462093744,Gentoo
37.84466858873448,21.39255899605501,180.57800490628247,Adelie
53.425448894434986,14.346873643901988,219.50701005027923,Gentoo
38.335754506610314,16.460905673153597,195.851419347645,Adelie
53.242860436879155,18.093908226768498,193.39979891483082,Chinstrap
41.65545923883123,17.76796027924817,198.1430402188347,Chinstrap
46.743772427520824,16.57314303782051,211.2563245718805,Chinstrap
45.322815840441905,13.295427845700736,205.1396638054436,Gentoo
58.39917496234802,14.457341664902437,203.51701086166364,Gentoo
46.28181892936018,17.313701690588253,183.37925603695882,Chinstrap
53.09903999738358,14.760489229495157,229.58852809884343,Gentoo
56.08973934540731,20.005139099108156,202.35986163084908,Chinstrap
55.944056608534325,19.066410276761008,181.1182697650146,Chinstrap
57.24514478684466,17.30514625805558,209.14555138435188,Chinstrap
56.363072867644725,14.312264338370703,208.1826081318773,Gentoo
42.921151233772235,16.55478148398771,182.1983690444459,Adelie
50.57727074043544,18.828549784273047,189.1167950852395,Chinstrap
57.35143449619647,18.190285019803266,198.36116957155338,Chinstrap
38.468184292463,19.70094156021195,183.54488490958383,Adelie
41.661322995885705,19.43759739588975,193.9585731623014,Chinstrap
51.41056794403197,13.62437803826614,220.9081810842231,Gentoo
52.80018802087659,19.356474894117714,191.3345573596604,Chinstrap
56.40266904798688,13.249970287565482,215.0428026745783,Gentoo
44.19874086014926,16.393941210766883,212.45024137018285,Gentoo
35.65310836102379,17.11088925137789,184.2821557570385,Adelie
38.30287050099846,19.350851969265342,174.2831378050513,Adelie
36.126040578793294,17.52354732975726,180.84196586521549,Adelie
35.498126099471534,20.330181068606628,201.91056509901156,Adelie
41.638768153314466,17.460178026097598,202.36431828140636,Chinstrap
42.91961072656687,17.30266832460143,207.35999434234208,Chinstrap
56.78937981674264,15.173916474753387,213.52033607544354,Gentoo
41.5910180180613,19.295142422902806,183.66443912040972,Chinstrap
55.10525990569069,16.64852841219206,186.31626607713866,Chinstrap
41.989101684804524,20.14477197558066,186.70372721908547,Adelie
44.1020013800644,20.743275057857854,181.30820151422486,Adelie
38.20192984517121,16.577576525323924,199.08942305017544,Adelie
53.24542644894734,18.15828377901157,198.74700872972082,Chinstrap
51.247889312331,18.768022045917466,179.1394073366448,Chinstrap
33.883820283341514,18.403064690045515,183.2228150719173,Adelie
41.574269358687154,15.096572899591534,220.76362395534872,Gentoo
48.681041280443885,13.497098085651363,211.31871778377192,Gentoo
49.94450419016251,16.785771775271687,203.77177068963252,Chinstrap
52.037427036405816,13.759419425460328,203.49008980925365,Gentoo
54.81932583275522,15.659059036354929,208.16988191070342,Gentoo
55.22566273573209,20.23055008836021,185.11640752917813,Chinstrap
43.299106209342995,19.432312495950285,201.20369403775734,Chinstrap
54.87945985279622,15.140138512613506,211.8641718949104,Gentoo
57.003126176331335,13.473860789650221,227.76272784981722,Gentoo
40.704513022121766,19.39225093431949,176.3127901360105,Adelie
51.1465341232407,15.67280459926624,210.89585575463818,Gentoo
50.548878586395205,17.220611935623822,214.40887540645713,Gentoo
43.90982204436906,16.23725507345303,204.5230244425665,Gentoo
40.53922916453529,21.34392998068562,188.15989552758458,Adelie
42.66830294811367,18.38171211831352,209.4525839223623,Adelie
57.1535573462981,19.638823545500934,205.96639039797518,Chinstrap
57.21087499725287,16.88087473012303,214.17806775861973,Gentoo
54.273774199516765,15.916561109816758,217.1116518932034,Gentoo
45.615071868170375,19.280953804770917,172.8461415503219,Adelie
48.52568651529195,15.814960419751774,204.83963921153065,Gentoo
47.5176291002499,19.662168484621343,193.22792284200312,Chinstrap
52.91300230564779,19.93968979320084,203.24691160041868,Chinstrap
53.73695114240518,20.42694847393224,189.35539273049105,Chinstrap
45.874637461532814,17.051078187141893,211.56161580763745,Gentoo
42.809134145377136,17.76545723702397,196.99024809468307,Chinstrap
54.53951040179176,17.529234682627642,182.13911864051508,Chinstrap
58.85009411232197,13.100875666028196,211.881998483374,Gentoo
46.43697802557924,17.45043287786589,210.55145074040217,Chinstrap
50.71039910027649,14.608348996698819,205.14985893180068,Gentoo
41.034636792684545,19.921555970062215,182.25826076329537,Chinstrap
53.74669747393839,17.14545206969574,183.00237922981873,Chinstrap
56.04435006952339,19.034932563537335,209.55239883888706,Chinstrap
44.79202295947679,13.459537563249864,208.3606224732274,Gentoo
59.24045441654606,13.197599679757273,229.6123604314831,Gentoo
43.65340030121734,17.398530584840408,186.68265557246963,Chinstrap
43.97160543741057,17.010042525301788,196.59199358682912,Chinstrap
55.29153337668787,16.92290115117607,216.1057475974242,Gentoo
52.926530905148674,19.9216474335844,186.95812167482026,Chinstrap
54.34624667402165,17.261850794887298,229.02581469613722,Gentoo
55.76389742239694,15.617728098243308,205.17056225651095,Gentoo
51.138925181513684,18.37697704330557,205.48136047204986,Chinstrap
51.88881057252308,18.99169773364908,194.271430746527,Chinstrap
42.140757995133924,18.23337266825793,210.80915460317803,Chinstrap
39.39812464715903,16.721200982640568,180.32878694565082,Adelie
34.233125426126875,20.700456504336564,181.9301615427641,Adelie
58.06985040434153,14.039156374672512,221.51292297938215,Gentoo
47.2838535431209,20.7206642094915,189.00814338577865,Chinstrap
53.18797850991514,20.109876830956846,205.71860005694035,Chinstrap
48.09512195492242,17.327211462297136,191.7728822648392,Chinstrap
49.68273082743379,18.744857275230306,183.8085843783389,Chinstrap
42.713273004658234,20.063842851730236,181.5012771671832,Adelie
43.24328620559463,17.205085918796165,216.1983452200084,Gentoo
54.936144069454826,19.971611490800814,199.2638881943524,Chinstrap
45.9686717884459,19.430978171989103,183.17225059167967,Chinstrap
51.85921571238631,14.319220952652687,230.57587334774868,Gentoo
47.98534232447498,17.130898637535836,212.8992948423411,Gentoo
51.36218623251053,18.461887590688825,210.64183174838053,Chinstrap
51.61113921968244,17.56477104445706,178.01963402151947,Chinstrap
50.36380564503286,18.151783847584856,183.89471378512837,Chinstrap
48.17131933297638,17.306520493811096,207.0544888054423,Chinstrap
32.18383482738669,15.968146475149172,177.05953530893476,Adelie
43.91754822301528,16.222750783064683,199.34626477961913,Adelie
46.041500150514345,18.328601328983563,210.12052438269012,Chinstrap
57.8719127184107,17.199794410694643,208.22397739140388,Gentoo
52.34976949208797,16.313800645380926,223.0558428843408,Gentoo
37.15562801931953,19.0225801508315,193.384332291991,Adelie
42.05287293927516,16.86634628724455,186.28242817948706,Adelie
41.90788897994142,19.08416189055801,183.37785762183725,Adelie
56.53695596479071,16.003373066358957,205.37319481263586,Gentoo
51.689907259728784,20.60211754961947,187.96269726443492,Chinstrap
42.55474275941019,17.223915357486213,194.30936738050445,Adelie
55.2456078397679,17.074061478276512,226.52322166510095,Gentoo
43.83593037452867,16.30936244131513,219.67098382233314,Gentoo
36.05274674153459,20.7456748056411,179.69881119965427,Adelie
55.75528680470311,14.146788844543766,213.0746196769971,Gentoo
37.58956151508228,17.162476423632665,176.15424359323694,Adelie
46.0456354003016,13.404138062646322,204.39586264171743,Gentoo
50.14098789992173,15.325116656409916,203.02903675435587,Gentoo
58.011639863707956,13.987429048724374,211.97284166192716,Gentoo
34.040434374757446,17.05439673436338,179.56089697405324,Adelie
51.719772290596154,16.663938570160397,222.54689756234814,Gentoo
41.07958101437937,17.24240160929121,210.40004462843476,Chinstrap
48.898189220859734,16.323307576607885,227.3129806617997,Gentoo
41.591115251487395,14.797130660041844,203.66453298543652,Gentoo
33.129005323529285,19.415007106319635,202.7604088169719,Adelie
34.08371259920499,16.635279833330667,202.51391557790637,Adelie
42.07966374780006,15.472655173595632,209.03068961460588,Gentoo
43.52963202271452,18.31815885306274,189.54210386981185,Adelie
33.38883690166788,16.81974431267026,184.4808918255662,Adelie
44.941144827682756,19.698161859767023,189.34486446511627,Adelie
52.31763461861959,15.858537657335468,207.5713444859336,Gentoo
48.18255561085532,18.159301980905,194.27157126968473,Chinstrap
45.14647513412285,17.035133106257263,211.39884074612058,Chinstrap
46.455259183558084,19.00332512080656,181.5260946127631,Chinstrap
53.26355122756256,16.613393747705256,205.6601707543774,Gentoo
43.81683490811475,18.623132407547953,197.09033915617925,Chinstrap
59.424338596628445,14.466916001599488,204.76207224316437,Gentoo
57.70442768875003,17.59694642856247,201.10080642028547,Chinstrap
46.41835736483542,16.821490945783818,189.79976094254442,Chinstrap
36.19492946912263,16.836489469843503,174.10302494160396,Adelie
49.761022879606585,18.029356227393095,187.3500756924625,Chinstrap
58.72793063556546,15.36136833632306,225.01001842585944,Gentoo
56.63146751587124,20.59056018244261,184.01651739495296,Chinstrap
57.40715225501515,15.257881574202123,229.37367881985924,Gentoo
51.842530185616255,17.80621796840913,184.31340457732946,Chinstrap
42.99529254010678,15.883242868127144,175.9816848592868,Adelie
41.35371268498882,15.820872576309759,203.3233371025886,Adelie
36.440234698661044,20.82884074037202,195.38193933645556,Adelie
41.43574017205585,13.375543588145025,220.5654800589539,Gentoo
45.67052421542404,19.113986842139475,200.35061910996086,Chinstrap
44.50393436335414,13.513956964353126,217.38033616578988,Gentoo
42.2705223506359,15.774325091287036,185.93456605240817,Adelie
44.964075950345986,16.196621960665222,182.94358602006213,Adelie
42.532747961708694,16.017696294723045,206.17249885500402,Adelie
42.97915410850894,16.412611945959817,224.46622293995242,Gentoo
50.90189843814876,17.607154142693222,201.18980409650786,Chinstrap
41.75363134256016,15.434168938033615,209.18545083882128,Gentoo
33.70896795624665,20.225135910542654,194.25389788752824,Adelie
49.77386483327862,17.63763836798944,182.67650913320634,Chinstrap
39.386909533234636,19.112744659267605,183.76000910160084,Adelie
39.390416996711934,17.116143063689826,189.65213517519453,Adelie
56.52595033462073,14.715256126614811,227.1812855256849,Gentoo
42.00520771773034,20.54601312698004,206.73958545235882,Chinstrap
46.886666613423664,19.40370825619703,193.1442703135595,Chinstrap
41.598301583250745,15.832194634856918,177.38471632261508,Adelie
50.964707265461236,16.43477667962635,214.7638921611106,Gentoo
44.860338330896404,13.425844104128862,229.0989869250855,Gentoo
35.77902625559557,19.847274816310744,179.24888255587808,Adelie
42.42160679744842,16.777364721098213,195.75927022465825,Chinstrap
52.55159329558661,15.746990319901473,208.06756386839982,Gentoo
33.628425996727984,19.42233662544073,186.66463429113085,Adelie
59.5013378130584,15.193058153694132,221.82070080430842,Gentoo
41.324661801974536,15.633355645699714,204.59573937549976,Gentoo
41.44216300537415,16.884781207600092,208.55228978124705,Gentoo
45.77984117268024,20.00919571153014,201.94530451973037,Chinstrap
53.238941453179095,13.10023033645732,221.41491837688952,Gentoo
37.63122411023801,18.88473126851024,188.1202915410302,Adelie
44.289134115628954,19.25246637885736,203.2812126842525,Adelie
39.566219239637554,18.813125036427863,186.46444879948604,Adelie
53.88358382465012,16.65709309996395,227.1691210999595,Gentoo
50.08362331824337,19.87156460948844,202.13571334137666,Chinstrap
47.58337251797307,17.59111505972124,189.53114706673486,Chinstrap
36.763415747160714,17.36068195591654,173.54941641552782,Adelie
57.66644832699835,17.77917684785916,204.8213251925407,Chinstrap
38.468114038179294,18.49461253728949,201.01637054782864,Adelie
41.5039493279829,20.709235562260254,180.27342549221538,Adelie
41.348587908575155,21.098291573896695,209.21975691820657,Adelie
33.95117680474585,18.39732896044851,173.70678271419075,Adelie
43.698960045258104,20.20024843374341,187.28364854069417,Chinstrap
54.558488049271254,17.245191201547136,205.33977325206567,Gentoo
56.20786685113376,16.77221467107762,192.84486365612295,Chinstrap
39.98755321352178,20.209982973751018,178.22819203052384,Adelie
46.94159976265819,20.273605527960395,209.64834565142607,Chinstrap
55.943447003158724,15.224800805457889,225.9612863274821,Gentoo
45.99320094967877,19.258320067324462,197.36053954469713,Adelie
44.50061116248821,18.90528193375783,189.98587574971353,Chinstrap
52.84675922996727,20.283782998903327,193.17940416771535,Chinstrap
54.38244969993927,18.24812028478832,204.0958220916752,Chinstrap
41.23737772752523,13.574499392624647,227.84512095903008,Gentoo
48.451114055811466,16.310251769512146,224.75588899675037,Gentoo
53.41487377258953,16.130401408340234,209.78387499909408,Gentoo
50.20714727411809,19.264551793660065,189.0851287435738,Chinstrap
37.39366572902278,16.033222488304023,186.19065167271415,Adelie
44.65598394326935,21.007711579753504,200.61306399320506,Adelie
41.59403355069086,15.118899269059284,210.85131443987575,Gentoo
33.24374001220514,18.69550642809012,198.62671450695274,Adelie
32.337986379808626,19.7719211260743,188.4266706286174,Adelie
48.86059951402813,14.584882113073924,215.963823198202,Gentoo
53.58853051690401,18.03237738464469,180.21394114839742,Chinstrap
43.310243067654284,18.683796417066482,178.13405520296917,Adelie
52.18109285298718,16.658018258200812,211.82839082295592,Chinstrap
42.689983979031005,16.809834962447145,205.79302487754916,Gentoo
32.26666537385427,15.94348191545504,173.93759740791776,Adelie
49.14324718219894,16.80431367994645,225.86755475278088,Gentoo
42.43881845695472,16.358005286005287,206.2938516644637,Adelie
56.10489207635894,20.17274679152736,185.83037365149139,Chinstrap
33.87698205568681,18.720086195293174,207.72766549545094,Adelie
48.27632390078129,15.954708876120828,219.73842982996254,Gentoo
57.84961919512771,18.9865660313558,190.96744049546223,Chinstrap
59.07301504802301,16.161062964646902,228.52650578579903,Gentoo
33.5280478307223,17.44764605660218,202.4647697696131,Adelie
33.49445920084671,15.701592817419549,195.47695651100165,Adelie
43.304536481794685,13.178558222478397,226.59859637524772,Gentoo
45.49610868816001,16.162667829196476,173.56758003380148,Adelie
37.547230996532875,19.12720121958029,180.25597007672516,Adelie
41.61267398188868,18.16372554334049,188.31411010495643,Chinstrap
34.55404934957398,19.238029443506242,173.2736160104434,Adelie
44.159460288605786,13.774658094649677,219.80529551480075,Gentoo
46.42269175656895,15.534837858744798,212.1638471485209,Gentoo
43.1436720890058,13.250763907972338,221.86157369365537,Gentoo
57.578033496523396,13.645843688748643,211.70005916282807,Gentoo
48.68113399663278,16.662429420537013,205.07901904883138,Chinstrap
39.154482731605796,20.882277152622876,193.15240099722007,Adelie
46.73802628801312,19.08923365496243,183.88928381196666,Chinstrap
38.67574352923398,17.15494261493616,179.8914301844023,Adelie
46.71691762196,19.274042263863272,210.0592781482181,Chinstrap
50.373787761871526,17.222919692022135,211.68576189021726,Gentoo
58.701681086732066,15.269017795775142,230.54159233919142,Gentoo
49.03650038471729,19.4654473838202,179.1322495597907,Chinstrap
33.06339472339579,17.05003038553039,192.20418462757283,Adelie
41.3652103371567,15.105725553131885,214.08459049659515,Gentoo
52.38391557892069,16.493575067579567,194.01597760181136,Chinstrap
50.95980336733853,17.91958233294923,197.8738990601749,Chinstrap
45.40767392001364,17.375442686855326,172.34500980579566,Adelie
54.670042993826044,14.792709078882634,230.76154264725068,Gentoo
44.558184384860716,19.86610265211481,185.59746871510887,Adelie
35.13063746062922,16.4689778223185,172.24035585545312,Adelie
32.30895282147799,17.659528272168227,206.4161344592376,Adelie
41.24559946954106,15.476295470664205,224.4385010910059,Gentoo
37.555189726185226,17.77311544069583,183.72539277005976,Adelie
46.672276608517606,13.294017298847502,209.71508805830823,Gentoo
57.78144183282198,17.342987901997066,188.54183960649348,Chinstrap
37.850819920168725,16.37725415803223,175.80232874096959,Adelie
35.67677927971024,17.52355997092344,194.72948461017046,Adelie
41.39282743618969,19.52536970411884,187.64864032144254,Chinstrap
35.598518485141206,20.333687862008766,200.60709526239938,Adelie
42.99958292873807,16.83392537001391,189.89891238878704,Adelie
54.23072742202436,17.090230008173336,224.1728163081875,Gentoo
41.01785257299857,16.490748678335788,224.8029181142917,Gentoo
54.19437742336422,13.52044617136855,204.01485387631777,Gentoo
58.78842976695958,14.646347725867535,221.33754325540139,Gentoo
53.326109179333145,17.265558379552576,217.10087570469128,Gentoo
44.0520401020317,21.04310160354295,201.48166835708577,Adelie
57.33452641251087,19.0732684055415,184.90132783823978,Chinstrap
53.947072434573705,16.4897694998838,208.726795730186,Gentoo
34.22201211268187,20.89816886875616,173.8808357723085,Adelie
42.08032214785217,17.39198652955634,199.45604641620292,Chinstrap
36.33106626082104,17.69042843143391,176.77842795608265,Adelie
43.10637480542102,14.517841800713942,206.26005004843515,Gentoo
42.90049311040366,19.90841973301263,192.5790684754782,Chinstrap
50.42259384580582,19.728064887758244,199.65912772096078,Chinstrap
55.273481640200266,14.768694753684464,210.7500812206584,Gentoo
45.49154540858438,21.22505516536637,184.6078353562791,Adelie
47.722694129700734,16.7115471871644,214.2778574669432,Gentoo
48.60593382663039,17.49322023569058,208.78394997704538,Chinstrap
55.12810565309167,14.776829101103143,211.7000455748023,Gentoo
54.14174049034482,14.248117861667541,212.49056164242018,Gentoo
53.67793292843408,18.803898968413744,186.53490754601825,Chinstrap
45.57833977118179,20.037917600876177,181.7736881458549,Adelie
42.85132354463341,19.371736156106238,179.95622077001815,Chinstrap
56.769357303503995,20.07725817464847,200.71365523793787,Chinstrap
54.132161204277104,19.551016607048187,181.65851382016197,Chinstrap
44.21655557438696,15.589416290359175,178.78940220990486,Adelie
35.61912163598593,17.820938273825135,175.8991860260082,Adelie
51.23787844025219,14.724136205569016,219.62518202213306,Gentoo
41.849555797344244,16.29599218101226,176.71415777576965,Adelie
39.520399004551344,18.349648682167636,173.53083287616371,Adelie
52.89068867476469,13.289829799904222,212.58663507383142,Gentoo
43.04858713354934,20.48575301628033,179.9869463023979,Chinstrap
58.10744686555476,16.991785312761074,204.813369980834,Gentoo
45.370206041887265,16.507585806423254,192.38161408478157,Chinstrap
47.056983356666905,19.28213378065725,203.64552249226543,Chinstrap
37.41557219262387,21.04049834135793,206.01218238171697,Adelie
48.536550981818664,16.728205649094008,205.56861747769923,Chinstrap
51.707822882523004,16.807517664922685,226.79790952617907,Gentoo
36.759496877948024,17.708157839515913,188.40379579876537,Adelie
43.01845735451706,14.642067254691481,220.20533294008231,Gentoo
44.61411818124702,18.461468529820444,203.8324613728386,Adelie
38.794071330595216,20.183221282286993,192.5918133746599,Adelie
58.397586714153974,15.101954813499784,214.17769258880514,Gentoo
42.588142425601205,13.786166864344,219.41048615581747,Gentoo
43.784097664865484,13.233499528077745,206.960155383837,Gentoo
53.4742273813272,17.89315807307709,211.9035508327973,Chinstrap
34.85951599118063,17.867706766310747,187.4642489704493,Adelie
56.432406628704115,20.55154236831584,183.1409584915496,Chinstrap
56.033604823666664,14.524153522578656,216.56169248569765,Gentoo
53.12126726193377,19.218616423319588,210.71646708568164,Chinstrap
52.733513428098775,18.552842580933508,180.77439902038088,Chinstrap
52.662728966471946,16.01610462930238,213.83425307801318,Gentoo
45.078704914663334,18.086491051538122,173.80656786949515,Adelie
40.35056056278771,15.666564545192985,184.4986340406674,Adelie
56.81881878244964,20.438398409884638,196.1157435859302,Chinstrap
50.04732460891598,13.154304124139585,203.18801954313895,Gentoo
53.641899589062575,20.559881786586704,205.68328694064624,Chinstrap
47.03995657403021,19.047500236835223,178.11662986186627,Chinstrap
55.15322185027312,16.922226943710452,227.36837349384783,Gentoo
52.939652015185274,17.920959663288365,200.0541110266457,Chinstrap
41.948779141024865,15.81596606761608,224.23395809291517,Gentoo
44.645898656754824,17.129563848664873,181.25580025069024,Chinstrap
35.556154862785355,16.632165873255286,178.2849044376503,Adelie
45.398626058690134,16.9401862293879,204.2029364931022,Adelie
40.81441204772203,20.001774728221125,195.85020461489728,Adelie
50.04815124020848,20.726444051938806,203.63272490740374,Chinstrap
43.60775281842353,14.212557889115141,226.952605040827,Gentoo
58.7021633515205,15.392967666439983,206.38508519727873,Gentoo
54.75137676004158,15.194655843863575,212.2941207779742,Gentoo
52.40165691487463,20.33645173838324,197.43963303915257,Chinstrap
34.08326463974476,19.692897674743804,192.49434142656116,Adelie
44.1491909273054,19.7471128175222,200.5276107822058,Adelie
38.05540966722104,17.24303465799835,207.66041852775123,Adelie
54.22112497424085,15.931664329707367,220.51764623929256,Gentoo
54.27299998397456,20.48479044434565,206.35383980386902,Chinstrap
43.68566566773274,18.278067947711985,177.32448923905707,Adelie
41.660550966737446,13.607356939661862,217.4331504721261,Gentoo
36.51275119150761,18.816111928428583,185.26791082035254,Adelie
53.86549271164601,13.152024204969013,214.29472228739897,Gentoo
57.86017222123742,17.619299725570155,192.41031961679178,Chinstrap
52.74398428727022,15.4687233596244,230.82438637947496,Gentoo
47.52557681704642,17.19526719372262,219.97275532227346,Gentoo
39.07904097391459,19.517765559861655,203.65965975908557,Adelie
42.89966809796746,17.313911642361383,174.16440528983478,Adelie
42.78028515093732,20.28881363356942,196.44168547840945,Adelie
47.64183694546679,15.233818352461368,210.61959797528897,Gentoo
54.985190820422886,17.59409383540766,196.27183983736444,Chinstrap
55.82606356161679,17.947243283525157,191.1881807137074,Chinstrap
51.4367873962863,18.73198250995037,205.08804888532495,Chinstrap
43.5835992904354,15.223290877032033,213.2304778771462,Gentoo
36.22357316294655,17.760418430605526,177.05372637985403,Adelie
34.39551152471568,17.482534287589722,174.73877987343465,Adelie
41.02949482726568,17.866478260511904,198.8165418781233,Adelie
42.13060131893292,21.257911654264372,198.00136474514971,Adelie
47.201482040834634,17.496673576574228,202.25632080324107,Chinstrap
43.87667619517512,17.99396668181634,175.01538664811108,Adelie
43.225745989312934,20.438988708182684,208.78027743864774,Adelie
38.803950630333,19.61121755559529,181.76967682553925,Adelie
57.59950198097836,19.873707543894387,179.65572347002743,Chinstrap
41.0636025988648,18.585294678047006,192.26316733065389,Adelie
48.93106198668243,18.514579726998363,190.12865579414256,Chinstrap
53.20091565466659,18.733449913264696,211.9161526812404,Chinstrap
41.18063613006852,20.041728166539198,193.564111887406,Chinstrap
57.41122003001402,19.912241571925634,187.36928187701415,Chinstrap
49.59832304420146,17.268284735449345,196.34266557818128,Chinstrap
40.62817253157475,17.52691910862505,193.79117462268445,Adelie
55.684744121525846,13.784691062176229,230.44779634500935,Gentoo
56.02164733727772,18.09965916274104,211.79378212303754,Chinstrap
44.96233809742035,20.098631473843326,180.00108092583244,Chinstrap
41.09064452221632,16.12880396338584,223.1988689146349,Gentoo
55.802019883981075,17.15190765724355,223.4852661569277,Gentoo
56.44763114748517,17.44140785041154,179.86348445575175,Chinstrap
58.45275908321331,16.296288882176327,208.3317274791546,Gentoo
57.22782974760838,14.411692068051707,221.66724293199186,Gentoo
50.111320946754304,14.397367859730306,229.34572727524352,Gentoo
43.70020174441428,17.165813891368856,185.92710201107806,Adelie
44.54342014818063,16.60855674278683,216.87432944201632,Gentoo
55.04483765479593,18.357707258120215,195.13959279414567,Chinstrap
48.86669948649518,13.36660179288927,218.85924352382835,Gentoo
43.28379793929307,15.813626510114478,216.654387783911,Gentoo
45.687726674565575,20.538506359146204,188.0844411888525,Adelie
50.162727260746586,19.097622361694988,195.44720622212452,Chinstrap
40.93162315077709,19.591842467567997,209.01080556427257,Chinstrap
42.14408281402467,20.916053434614454,177.6153448517754,Adelie
54.447276792555115,18.859993764342967,186.7302215372588,Chinstrap
53.00375125409064,20.400965598339358,205.8890706947983,Chinstrap
41.56616808490879,20.508189760075823,199.19492634379932,Adelie
41.77534827944833,15.711089479219066,225.86585592335945,Gentoo
49.94587057076819,19.859014822851936,201.98799536859636,Chinstrap
42.29548091107471,16.50515654980433,184.46214466901446,Adelie
55.677364402349255,15.068659591467474,206.8763617246941,Gentoo
52.825118953511485,16.119052399936763,215.71874502105322,Gentoo
57.638278195654834,15.292385216015713,228.9638703011914,Gentoo
39.755155115434505,19.53559168673222,203.2607725106578,Adelie
51.387008354760454,17.517966612242034,179.43666242355278,Chinstrap
52.92146111420313,15.186614212926738,218.1386431731381,Gentoo
43.75383184662708,18.308516013728312,201.72676785493087,Chinstrap
49.25197006572849,20.521426280786123,201.6326059238408,Chinstrap
49.040306257117926,15.424143490000255,223.81545756638207,Gentoo
55.8731254558375,13.627233920126953,227.48439001825147,Gentoo
47.2680991282389,20.667078919344156,204.3682923485629,Chinstrap
50.30503760031954,15.689546731935948,209.31001113731054,Gentoo
39.523724033486566,18.748719296196448,196.10946237269815,Adelie
42.58993871841164,13.948082039460157,228.9225234046236,Gentoo
50.84530642785805,20.599277356914868,200.70141951484965,Chinstrap
51.62465003827171,17.14620425428184,222.54211772742514,Gentoo
39.19103377798755,18.709521128780462,182.3879892897949,Adelie
45.23504745829711,15.541935143144947,172.12265571979935,Adelie
54.06733408962549,20.255001624020288,181.15136458718155,Chinstrap
45.680008968783646,18.615052635387897,197.83898853898842,Adelie
44.987826439432304,16.602528550110954,207.00933074933948,Adelie
42.97911875663625,16.964909038206233,229.47506708976331,Gentoo
38.149860064757306,17.258748663968515,180.05794854837217,Adelie
48.16258591843818,17.016524447399902,211.2304230086441,Gentoo
48.80897950010309,19.614093276351987,187.07810846869194,Chinstrap
44.50420975196541,16.101979224170943,173.54137267078323,Adelie
57.068341459834805,13.322648718280734,225.2033026612219,Gentoo
43.67981944342495,13.622197956379907,217.43318160324506,Gentoo
49.00784087950036,18.54950951328381,201.28213069708198,Chinstrap
48.36268672346184,15.573458634372525,221.49055036856922,Gentoo
57.11995128174612,17.46490407888608,179.95838873019716,Chinstrap
32.88959289022879,19.81940658130566,199.55274086419018,Adelie
51.53271666019095,17.382195179394053,180.87490047830497,Chinstrap
56.85119091407376,18.902834168519508,183.3029744813342,Chinstrap
57.568386787238495,19.86186717774147,209.61908611213033,Chinstrap
54.182468980043176,15.202712144750912,230.72399672636965,Gentoo
47.68740694353569,16.837108062567694,207.85118151460924,Chinstrap
42.5164745025522,15.039606590139892,222.93977413801332,Gentoo
49.915760040383915,17.04010366087071,193.89936995986363,Chinstrap
54.07852910105053,16.743694042467553,226.7460663299402,Gentoo
37.41493913287889,18.52807489063548,182.0916443155283,Adelie
37.65212883444931,19.91376556856697,206.3446761322639,Adelie
45.18480512961489,16.338413327839703,219.92340857240885,Gentoo
52.44196423315249,17.389066678564742,209.8353940778254,Chinstrap
44.799235678489126,14.199753629963439,222.17505491265155,Gentoo
45.633768126623174,16.439308084410378,182.53458656086943,Adelie
35.121464486695615,17.13361722049311,181.08346478070075,Adelie
56.88837453182507,14.432231304065809,209.68683884926418,Gentoo
47.2138583894062,17.620702911400677,184.82066027870255,Chinstrap
44.03967332380092,17.615968682183368,195.18042543699784,Chinstrap
57.581817493259834,16.642442827998124,218.29904018870263,Gentoo
41.381728716495225,16.22498549819216,213.25873142366004,Gentoo
43.410322945568076,15.02217329047187,228.03415577094455,Gentoo
37.07354112165167,17.887722341162473,183.85339823404283,Adelie
55.53951972744511,15.692255000918125,230.68681821554404,Gentoo
56.203426254240206,17.190410149552434,227.05003765459068,Gentoo
42.742205038156634,16.951437691965594,193.40288180675438,Chinstrap
44.626160549858355,19.83635155925764,207.0974842665592,Adelie
51.80544482828442,18.609083301953238,209.15618211745138,Chinstrap
49.76456016514237,13.449483527635639,211.0154817445058,Gentoo
44.31885521213587,17.17347283762335,191.52556854847862,Chinstrap
42.077473307339794,13.871754857748696,230.60445535669294,Gentoo
41.24873902123436,16.257427219195964,183.1534744706548,Adelie
41.88875514529315,17.668938040232728,206.49250612911646,Chinstrap
33.64884716611904,19.06830603203713,176.89920765934735,Adelie
44.7482757007428,18.19822330077011,206.73615549224016,Chinstrap
41.13211356593679,20.159278540298214,208.35521229867592,Adelie
51.107021706569576,18.347282239665276,187.2465395771801,Chinstrap
41.29685652506999,20.50630938468168,175.1925385524062,Adelie
47.780815467030344,17.52980333655958,206.82420579351984,Chinstrap
41.67085425475393,15.568297321897097,216.75219834412775,Gentoo
36.85171084150925,16.876557518245786,205.17227349042096,Adelie
45.283370885353015,17.014038716974802,183.14705424434786,Adelie
42.17488790705493,20.617496914163457,190.53192596119501,Chinstrap
46.7582601006755,14.224982514593826,220.56483214152914,Gentoo
40.314821835145395,18.440184269851812,196.75347774237224,Adelie
49.564047488316106,19.226873882304048,203.15291179028236,Chinstrap
51.84264704308182,13.567599847656595,210.16426354297502,Gentoo
48.17290266027503,16.964910117963928,207.9013781386362,Gentoo
44.79409426177243,14.631821578749154,223.04408666322863,Gentoo
50.90672743474213,20.58260642581885,194.017472376663,Chinstrap
50.137912633322166,16.282924423715365,212.2002947659509,Gentoo
35.521104298005774,16.977959553978035,187.95707983047106,Adelie
43.604698412925586,15.623250062442473,184.20684203218144,Adelie
32.227741133309905,18.448226035636402,206.6141707658694,Adelie
44.94785949423139,20.635769056833556,206.36829935827132,Adelie
52.98855597378339,19.00297230127034,189.56325196846203,Chinstrap
56.6518388290911,13.936526298850286,223.08488576121485,Gentoo
36.74402051459139,15.958493620737773,187.22749182828676,Adelie
42.75635564856856,16.896041039537963,222.84825164734832,Gentoo
49.30416101568579,16.859450615276586,217.78139344967548,Gentoo
50.73051261109845,17.310197554213143,196.43995008697706,Chinstrap
53.032642934169125,16.499995118714242,206.17521327853405,Chinstrap
59.132855615005056,14.856295947463323,219.1783938706783,Gentoo
56.0716222637285,15.713437363711309,206.43331405442504,Gentoo
42.518378489236014,16.679463329155467,203.48263929724496,Gentoo
51.71614829370859,19.045365607343527,184.74783288546965,Chinstrap
56.8292342059608,14.035149732269582,206.37374011816001,Gentoo
50.789649572793664,14.909361247536914,210.13899734670193,Gentoo
51.764019402855595,15.13515805833471,222.2432821662793,Gentoo
45.06482026707211,16.837867958443862,222.84544933932085,Gentoo
35.04991213665154,15.985560117365587,185.42342790899554,Adelie
56.97490987385191,16.508845713522383,210.95881259841508,Gentoo
49.720002604981616,17.016889698823846,222.30010609509776,Gentoo
41.12621697913912,16.7635279789199,185.808688441169,Chinstrap
43.64621721853486,15.244681433667443,220.2070528092021,Gentoo
53.01922555887416,15.965069225511996,206.53738415308945,Gentoo
36.54229845204843,16.06499294568759,200.63875663235325,Adelie
45.00102334401031,17.968991588171544,175.2889456467587,Adelie
45.03854405731306,17.58198436120588,191.6012972907536,Adelie
40.919540855259804,13.762435595474367,224.7802706363727,Gentoo
56.89520039752392,16.421987162582038,184.4288371786834,Chinstrap
45.91039646310238,20.59975373360992,209.4839591837739,Chinstrap
47.635947123455956,13.199176842902592,223.15893149894953,Gentoo
55.52354186339471,17.02005549551879,212.86997116592937,Gentoo
39.16768285138598,20.112354519234408,190.1438555277829,Adelie
53.38162573854945,18.98625448578973,206.50960565558128,Chinstrap
48.96617432803663,19.46098130499771,194.34703509098296,Chinstrap
43.96801699319366,17.243054684083262,217.48610758751448,Gentoo
38.854356820422645,19.567614986983443,198.31778853399834,Adelie
48.60690087631351,19.663961700474143,210.2202038004396,Chinstrap
34.269211172809065,17.84730281692046,195.8822448166773,Adelie
45.070068523838515,17.92454323302917,194.95382681503605,Chinstrap
48.65033390293938,19.466021991978387,187.61013033148086,Chinstrap
49.343766453896656,18.58521003945808,187.85560637327706,Chinstrap
52.54501193684169,16.543565312371907,218.40654328519804,Gentoo
34.04326353359117,19.371840641518595,177.89334318537502,Adelie
45.991219960419926,16.775306771705964,189.50154504474216,Adelie
43.03597723894081,18.586505669127266,192.65364254033312,Chinstrap
38.609564122236144,19.22995658046241,205.94350176080508,Adelie
53.92787795389503,13.778801536009894,203.99550422666397,Gentoo
34.8403609375145,19.941382181234026,189.08165503682665,Adelie
49.55248949125419,17.477831810650308,195.86436923110915,Chinstrap
54.698944059032186,17.91937132356853,178.2456684679289,Chinstrap
34.938037576708794,19.149963476969745,184.14551424916112,Adelie
39.41007571269785,17.26413880945486,189.34353624535953,Adelie
48.528885148548,13.689749361291845,226.63151863068995,Gentoo
44.099434389989696,17.82090874806112,205.19757886186278,Chinstrap
45.11183311972242,21.36086447341455,184.36747728921816,Adelie
52.757607121677566,13.461333033768573,209.63806625006768,Gentoo
39.98476237491964,20.978122884346092,183.8798397083064,Adelie
53.35969555976666,20.236842889624413,204.51711917561053,Chinstrap
55.65356097614213,16.48073646140064,180.4388080240577,Chinstrap
33.185800342498425,19.580158015328436,177.43999924098796,Adelie
41.30401736230169,16.807356074586096,216.19305073990898,Gentoo
52.197817587041335,15.465987966401439,230.60888688482726,Gentoo
43.5602114870905,18.08586015332729,186.82024795772696,Chinstrap
41.924407953485776,17.21231975358895,186.51344588049037,Chinstrap
36.354130798867075,19.51388915498974,199.7566995941066,Adelie
44.16182259786709,15.060493557933869,217.0855954808298,Gentoo
44.109875172385074,17.481365980999065,200.95167616203358,Adelie
35.36650790617534,18.122486131004607,179.76629242683597,Adelie
40.99442696604734,20.643639971036105,203.9489085098599,Adelie
35.79548416242103,20.406766282479868,195.21755555762547,Adelie
52.78944733917361,13.399741425917844,224.2243608610552,Gentoo
53.50781489724127,17.896330574831772,201.8647175313805,Chinstrap
55.250784585962634,19.40481579228659,206.55906872959864,Chinstrap
32.51753661880497,19.675832137659228,206.2918336197198,Adelie
42.01544427458163,20.990035736049265,183.2060806574909,Adelie
44.731749229954055,20.873814292862455,189.14646775608324,Adelie
51.12791581668808,13.746053593597038,221.62025914474884,Gentoo
38.745814369552704,17.952088434719343,204.7815799053729,Adelie
56.980970133765695,13.30945461589418,227.3975836132692,Gentoo
44.157420361613426,14.212390896568033,220.6278905952808,Gentoo
43.118869510354926,18.318623341345603,198.59337102410902,Chinstrap
37.990503103599465,19.46852532293141,205.7379980632991,Adelie
56.15223705969948,14.582184679318404,229.21313707226778,Gentoo
49.15481461425763,17.54467527475782,195.79992522513024,Chinstrap
56.139687176906364,17.370478523826556,204.04344074651834,Chinstrap
57.675295566691375,14.470377976373978,226.47852734747735,Gentoo
52.0028115662019,19.64021109348066,179.86243806763824,Chinstrap
49.110125316815314,13.13302476521066,213.57474457972032,Gentoo
47.16550306326535,19.545998904717514,188.23639615377053,Chinstrap
48.23372379219631,15.229963974684338,219.82993608727878,Gentoo
54.068284698835235,15.34099427173369,221.79787074533473,Gentoo
34.96677318546225,18.381533231016345,208.4410151530173,Adelie
45.92447782382898,17.212120140089528,197.7684464937031,Adelie
48.0280901145464,20.30823957648076,200.6541505102977,Chinstrap
44.62750257619498,16.607949837519712,222.36440620490578,Gentoo
38.294272120821105,20.71243888175604,209.1067149343018,Adelie
56.08711332060668,16.514572088021723,192.21078879943306,Chinstrap
47.64555626220927,16.523399053228292,206.1261006423889,Gentoo
49.506343060268904,20.026977376478552,181.70599720174943,Chinstrap
53.65191328803859,16.99399449296556,210.7588709524443,Gentoo
42.54828676234106,18.383932835685286,205.95459133703116,Adelie
57.265438511840856,17.358936859022158,206.6053232655734,Chinstrap
43.86358354477446,20.46261366889015,174.14158592329537,Adelie
32.30889727274664,20.185113507212677,176.82612981332332,Adelie
52.20052529794529,15.779319153460998,220.40091908082118,Gentoo
43.9863461132102,16.529361555982998,201.14579108852845,Chinstrap
45.33185039371335,13.157743375180592,212.75409681124975,Gentoo
59.071440761400375,14.6009576970182,210.767486234837,Gentoo
47.44296541197309,19.38618542865388,204.68451452980236,Chinstrap
45.21327588911031,17.965914773639412,204.82635793205455,Adelie
41.11740579154795,20.618069572116198,183.3939719099402,Chinstrap
58.497294135431474,13.156505055549642,219.4145407935772,Gentoo
53.695456402286744,19.489087181646454,192.35821371066172,Chinstrap
42.919281269757896,14.235867773756517,218.97835856635032,Gentoo
33.98411436970676,19.51098345972863,192.68097627081374,Adelie
47.370870518203255,13.222318626589901,204.4678525039332,Gentoo
37.33897177369784,18.44653793240584,192.205458527456,Adelie
38.63738230832221,15.9550967786639,198.0699496606498,Adelie
50.65669173063319,16.201384677181355,223.7049808051907,Gentoo
45.75169309319427,16.867186835219783,174.85395236413606,Adelie
32.670582700698326,19.613464142001522,174.04711613062895,Adelie
34.12864475234468,15.641125471192593,182.09042502570003,Adelie
42.05667065552039,18.339411595565522,183.31487699117403,Adelie
32.92654219775503,18.26094002684953,181.0133852950099,Adelie
41.10399750858654,19.848260536930926,203.20930621151948,Chinstrap
54.44723517015245,18.167499592847715,192.3167832704973,Chinstrap
48.424900821846244,20.21282258167252,205.01646601128718,Chinstrap
40.06184091084406,17.182512711787258,175.76584953581005,Adelie
51.06538115966757,20.716795595350156,209.5769787367161,Chinstrap
44.21851152075453,16.2052537940074,207.9672222552442,Gentoo
57.785795194928696,16.191392378866315,208.8937268515056,Gentoo
48.99606092581962,20.056541499035426,189.86047277695627,Chinstrap
49.50290209675858,14.164037786261375,227.70314405007355,Gentoo
53.306186058886,14.597099793563928,224.20543972069166,Gentoo
41.81259812574795,15.244760262449944,223.91656326748594,Gentoo
44.02155116655598,18.129863227835916,179.81872167875665,Chinstrap
49.3605856467663,13.368233870793755,218.5915959224145,Gentoo
52.70493129264779,17.058536289306808,204.30753188552293,Gentoo
52.57993836527396,16.609135732898203,194.04123336183252,Chinstrap
48.00684346474618,14.367807493742744,210.96279445542623,Gentoo
44.977510918442626,14.054514359681848,218.14291778975303,Gentoo
38.887927879892736,15.98006280115756,190.42526007940606,Adelie
47.24657664675042,13.26578654928174,218.86781953615989,Gentoo
56.64597668165639,13.723226396329085,221.0924193461247,Gentoo
52.89879706323587,14.312411329071455,215.2102405747574,Gentoo
44.78707285072039,19.7485458874944,172.4374326105302,Adelie
42.19018408176513,21.373556089840065,177.92083279802526,Adelie
51.969700203250646,16.888351646751794,179.74818865136743,Chinstrap
34.815336441296644,17.626848462008425,209.79286659815872,Adelie
38.01955495993751,18.920324703320155,197.15954496936138,Adelie
33.021151632102,18.447323825703375,174.49810261787985,Adelie
39.937190088006474,15.563314349605626,192.51264643448337,Adelie
44.55691565104074,18.66881340696626,181.32042887527254,Chinstrap
39.76269668701999,17.333388751920975,197.09046452532888,Adelie
33.44966575704855,21.288974756138508,192.08778875457344,Adelie
47.2663291493508,13.99476958515056,217.31977205551738,Gentoo
39.32869025633415,15.66582740435925,202.14757836735362,Adelie
43.6968840094096,21.449341477195304,206.36820273116498,Adelie
45.45172244394742,20.28072297375777,199.66218104923036,Adelie
56.497259511407115,17.292424833914964,205.84897919243014,Chinstrap
44.79881683098229,19.523344644400453,197.61148291290868,Chinstrap
50.58060620761488,18.398088937709318,203.26925074497254,Chinstrap
45.247934372446466,18.07424901631947,173.18222279491852,Adelie
47.921883418224844,13.5483840789147,222.60193842393235,Gentoo
40.62566810533543,17.828685224100532,193.6038162936362,Adelie
52.184452476315286,16.876590310522683,230.19298229151812,Gentoo
36.53645714977438,16.549412495138114,183.9127606896081,Adelie
44.88959586969591,15.015441801303599,207.2168113743432,Gentoo
52.78538264463865,19.51774519797174,196.65406389068193,Chinstrap
41.00421590420461,17.99778455877965,207.02024086943223,Adelie
39.26055814320915,20.444780994347944,207.88232762623988,Adelie
44.85979535225662,19.088651649943777,183.14202415367737,Adelie
51.336147387292456,19.895477253728664,202.92072743674532,Chinstrap
39.92118368209308,16.70336457494929,192.80871871353364,Adelie
45.62321809985218,16.751360080736088,228.2084365408369,Gentoo
49.40290706155834,17.45843104342318,180.07238706188397,Chinstrap
42.753262879102486,19.792311817244943,196.84645199727305,Chinstrap
41.18678945902786,17.633670043662335,176.16375275295243,Adelie
40.77411929809045,16.080378821680476,207.23190345645247,Adelie
34.45239638957932,17.112595846432356,206.50488654873914,Adelie
53.87648563169448,14.769292795713566,225.72363115238835,Gentoo
51.12009160484743,17.916988525280942,189.26496923544065,Chinstrap
51.2680666966979,17.631449029336746,211.41029902265274,Chinstrap
46.31333599745989,16.451506562958194,210.20737220469303,Gentoo
38.20417651831108,20.506095013260605,201.80317930600535,Adelie
37.26824359930624,20.642504457766666,182.16401270694823,Adelie
42.853968938651995,20.03285432965565,197.91898681173151,Adelie
53.477955800302304,18.062652458323978,199.4167113982971,Chinstrap
41.211438962352396,18.522226153689267,178.85787895968113,Adelie
45.28216562459869,19.85883974816779,208.06350210818485,Chinstrap
47.65194965752892,14.373281724353246,204.79793555264496,Gentoo
48.709256518361805,19.358554498712024,192.9982455426312,Chinstrap
55.09300257886878,16.182032547019034,206.55556211606546,Gentoo
40.59612660854886,17.528198291870353,173.05017975871465,Adelie
44.71976244939467,17.949660380651512,199.68322686929469,Chinstrap
37.62696323576169,17.408252079674774,206.04221523664833,Adelie
56.24855911975959,19.428780841876605,183.68844987001452,Chinstrap
42.77353909719048,13.917948229158357,224.83837501506065,Gentoo
32.99327202648394,15.86103146207926,205.75212128507624,Adelie
51.322784491231516,19.245573452787106,203.34353638601155,Chinstrap
45.541775883164576,17.052034681664296,193.7228724131645,Adelie
58.59048905088416,14.464650262567602,219.39089462044393,Gentoo
57.75879211538867,18.566268384297906,181.13261348938602,Chinstrap
38.19120604873808,18.238522831407987,203.54324399214386,Adelie
56.762486139448335,17.490089165880022,191.20758439041114,Chinstrap
54.17947399073303,16.968784580031205,185.60992586641092,Chinstrap
44.11248269488316,16.451613827447307,189.66726670554564,Adelie
44.15445894488272,19.177639809806575,182.06776518071817,Chinstrap
57.645169535519784,17.61395626558074,203.44453764849646,Chinstrap
50.31719326439974,16.556326230155364,203.0563278147736,Gentoo
56.648345834829286,16.837021168164792,207.76910397718015,Gentoo
44.11147758032982,19.788673958617096,186.08681434280618,Chinstrap
41.53909414004246,17.271310476367223,213.33590509274214,Gentoo
45.84591425801963,19.949983166713416,202.8550600457486,Chinstrap
53.761904767861346,14.557564518405322,210.66426337091346,Gentoo
43.67230712164199,17.084290523932403,230.69356395414573,Gentoo
35.30544380496433,21.44139973020515,192.85404193721112,Adelie
54.363147883216456,17.135641997817345,205.43901351479286,Gentoo
36.92739931877808,16.79689330060727,181.30238610354465,Adelie
41.3124265850812,18.262655477824797,204.46328435267577,Chinstrap
54.365969676014515,19.449836785822903,182.53133916843703,Chinstrap
56.5630117508683,16.428211213442957,205.0511219186583,Gentoo
33.36206816996186,17.0006777871366,193.85144779647214,Adelie
34.16943449317361,19.785243041185133,181.00368869954696,Adelie
47.007163934711194,19.383138380446756,181.9843498046728,Chinstrap
41.81518151621916,21.00196759386393,174.5142915025678,Adelie
40.07685088873665,15.657239883299416,177.80503058864778,Adelie
36.533128821591546,16.454833295847422,183.57405087676395,Adelie
42.332612433156314,17.65101414750557,205.83031864068045,Chinstrap
47.73828963428649,19.105939604565837,197.733472173282,Chinstrap
37.58268899979719,18.574137812403308,184.34874093946755,Adelie
56.281183476538374,17.064054152462028,204.3914721892718,Chinstrap
57.67428180900861,15.668504393108224,221.55367363183097,Gentoo
43.68577731500196,20.355803584722505,205.45391897430707,Chinstrap
43.13007684072371,16.12158507261478,180.81834222901801,Adelie
32.897446304105166,20.316022780419267,187.49683306143734,Adelie
48.091753814669715,18.99848583665172,198.50376138746412,Chinstrap
41.92922684605668,14.350883903773402,212.76682255382903,Gentoo
51.335105568036994,16.58255582889577,200.14219776375415,Chinstrap
41.818204067729056,17.06409822391267,191.93436346395802,Chinstrap
50.769605517932554,19.28404427346524,186.31364057766743,Chinstrap
57.17407627980886,18.015664485343983,207.9175302586608,Chinstrap
49.961982833070465,17.3381756271483,188.04244003883187,Chinstrap
45.928399509562695,18.546026226418107,200.6429526184756,Chinstrap
54.27572842290988,17.47370309552115,198.0375383423854,Chinstrap
43.06404791151155,17.019591285813405,203.37087023708665,Chinstrap
53.34512852539366,16.57827464846127,229.49583341291924,Gentoo
51.07816181728389,14.279862138078526,216.41483460733116,Gentoo
55.36137580368079,16.277608607856944,220.17524999095764,Gentoo
37.91435980516275,19.882952255941156,174.219356561186,Adelie
